{
  "format": "PTQ fake quant INT8 reference",
  "primary_mode": "w8a8_fake_quant",
  "weight_bits": 8,
  "activation_bits": 8,
  "accum_bits": 32,
  "linear_weight_quant": "symmetric per-output-channel int8",
  "embedding_weight_quant": "symmetric per-row int8",
  "activation_quant": "symmetric per-tensor int8 calibrated from validation batches",
  "layernorm": "fp32 in software reference",
  "softmax": "fp32 in software reference",
  "gelu": "fp32 in software reference",
  "block_size": 256,
  "vocab_size": 65,
  "n_layer": 6,
  "n_head": 6,
  "n_embd": 384,
  "activation_scales": {
    "transformer.h.0.attn.c_attn": 0.029302071398637428,
    "transformer.h.0.attn.c_proj": 0.02186420207887184,
    "transformer.h.0.mlp.c_fc": 0.04950877437441368,
    "transformer.h.0.mlp.c_proj": 0.11605733586108591,
    "transformer.h.1.attn.c_attn": 0.058738768570066435,
    "transformer.h.1.attn.c_proj": 0.02378747406906969,
    "transformer.h.1.mlp.c_fc": 0.06861375823734313,
    "transformer.h.1.mlp.c_proj": 0.06636843343419353,
    "transformer.h.2.attn.c_attn": 0.05836756398358683,
    "transformer.h.2.attn.c_proj": 0.02659424083439384,
    "transformer.h.2.mlp.c_fc": 0.0688894452072504,
    "transformer.h.2.mlp.c_proj": 0.063877225860836,
    "transformer.h.3.attn.c_attn": 0.0566849145363635,
    "transformer.h.3.attn.c_proj": 0.031444341178954116,
    "transformer.h.3.mlp.c_fc": 0.0699181143693098,
    "transformer.h.3.mlp.c_proj": 0.0600764056829017,
    "transformer.h.4.attn.c_attn": 0.05635285189771277,
    "transformer.h.4.attn.c_proj": 0.03155721829632136,
    "transformer.h.4.mlp.c_fc": 0.07806801232765978,
    "transformer.h.4.mlp.c_proj": 0.05906562730083315,
    "transformer.h.5.attn.c_attn": 0.06228574993103508,
    "transformer.h.5.attn.c_proj": 0.03131389993382251,
    "transformer.h.5.mlp.c_fc": 0.07786396357018179,
    "transformer.h.5.mlp.c_proj": 0.08166123938372755,
    "lm_head": 0.06472968304251123
  }
}