{
  "format": "PTQ fake quant INT8 reference",
  "primary_mode": "w8a8_fake_quant",
  "weight_bits": 8,
  "activation_bits": 8,
  "accum_bits": 32,
  "linear_weight_quant": "symmetric per-output-channel int8",
  "embedding_weight_quant": "symmetric per-row int8",
  "activation_quant": "symmetric per-tensor int8 calibrated from validation batches",
  "layernorm": "fp32 in software reference",
  "softmax": "fp32 in software reference",
  "gelu": "fp32 in software reference",
  "block_size": 256,
  "vocab_size": 65,
  "n_layer": 6,
  "n_head": 6,
  "n_embd": 384,
  "activation_scales": {
    "transformer.h.0.attn.c_attn": 0.029303768488365835,
    "transformer.h.0.attn.c_proj": 0.022091730373112236,
    "transformer.h.0.mlp.c_fc": 0.049508781883660265,
    "transformer.h.0.mlp.c_proj": 0.11784946261428472,
    "transformer.h.1.attn.c_attn": 0.05881732655322458,
    "transformer.h.1.attn.c_proj": 0.02390326477411225,
    "transformer.h.1.mlp.c_fc": 0.06861374321884996,
    "transformer.h.1.mlp.c_proj": 0.0673920113270677,
    "transformer.h.2.attn.c_attn": 0.059128352037564974,
    "transformer.h.2.attn.c_proj": 0.027424889286672038,
    "transformer.h.2.mlp.c_fc": 0.06888942267951065,
    "transformer.h.2.mlp.c_proj": 0.0654299578328771,
    "transformer.h.3.attn.c_attn": 0.0571154008700153,
    "transformer.h.3.attn.c_proj": 0.03229261007834607,
    "transformer.h.3.mlp.c_fc": 0.06991809935081662,
    "transformer.h.3.mlp.c_proj": 0.060654058231143504,
    "transformer.h.4.attn.c_attn": 0.057689895780067744,
    "transformer.h.4.attn.c_proj": 0.03202832214475617,
    "transformer.h.4.mlp.c_fc": 0.07849231479674812,
    "transformer.h.4.mlp.c_proj": 0.06179722838514433,
    "transformer.h.5.attn.c_attn": 0.062285746176411784,
    "transformer.h.5.attn.c_proj": 0.03178601377592312,
    "transformer.h.5.mlp.c_fc": 0.07805093630092351,
    "transformer.h.5.mlp.c_proj": 0.08221166715847225,
    "lm_head": 0.0667535826915831
  }
}